{
  "accuracy": 95.3023488255872,
  "macro_f1": 92.55563484420941,
  "weighted_f1": 95.4030050293519,
  "worst_class_recall": 91.42857142857143,
  "worst_class_accuracy": 91.42857142857143,
  "per_class": {
    "drink": {
      "precision": 77.95275590551181,
      "recall": 93.9873417721519,
      "f1": 85.22238163558104,
      "support": 316
    },
    "food": {
      "precision": 99.1869918699187,
      "recall": 96.46511627906976,
      "f1": 97.80712096203726,
      "support": 2150
    },
    "inside": {
      "precision": 95.12843224092117,
      "recall": 94.45910290237467,
      "f1": 94.79258605472197,
      "support": 1137
    },
    "menu": {
      "precision": 94.11764705882352,
      "recall": 91.42857142857143,
      "f1": 92.75362318840578,
      "support": 35
    },
    "outside": {
      "precision": 91.82561307901908,
      "recall": 92.58241758241759,
      "f1": 92.20246238030097,
      "support": 364
    }
  },
  "confusion_matrix_labels": [
    "drink",
    "food",
    "inside",
    "menu",
    "outside"
  ],
  "confusion_matrix": [
    [
      297,
      5,
      12,
      0,
      2
    ],
    [
      55,
      2074,
      19,
      0,
      2
    ],
    [
      25,
      11,
      1074,
      2,
      25
    ],
    [
      1,
      1,
      0,
      32,
      1
    ],
    [
      3,
      0,
      24,
      0,
      337
    ]
  ],
  "num_samples": 4002,
  "num_parse_failures": 0
}