{
  "accuracy": 96.3768115942029,
  "macro_f1": 93.45148363573473,
  "weighted_f1": 96.37990010643712,
  "worst_class_recall": 88.57142857142857,
  "worst_class_accuracy": 88.57142857142857,
  "per_class": {
    "drink": {
      "precision": 90.09287925696594,
      "recall": 92.08860759493672,
      "f1": 91.07981220657277,
      "support": 316
    },
    "food": {
      "precision": 98.46297158826269,
      "recall": 98.32558139534883,
      "f1": 98.39422853153363,
      "support": 2150
    },
    "inside": {
      "precision": 95.51451187335093,
      "recall": 95.51451187335093,
      "f1": 95.51451187335093,
      "support": 1137
    },
    "menu": {
      "precision": 91.17647058823529,
      "recall": 88.57142857142857,
      "f1": 89.85507246376811,
      "support": 35
    },
    "outside": {
      "precision": 92.797783933518,
      "recall": 92.03296703296702,
      "f1": 92.41379310344827,
      "support": 364
    }
  },
  "confusion_matrix_labels": [
    "drink",
    "food",
    "inside",
    "menu",
    "outside"
  ],
  "confusion_matrix": [
    [
      291,
      12,
      11,
      0,
      2
    ],
    [
      21,
      2114,
      13,
      0,
      2
    ],
    [
      9,
      19,
      1086,
      2,
      21
    ],
    [
      0,
      2,
      1,
      31,
      1
    ],
    [
      2,
      0,
      26,
      1,
      335
    ]
  ],
  "num_samples": 4002,
  "num_parse_failures": 0
}