{
  "accuracy": 95.80209895052474,
  "macro_f1": 93.24447818623689,
  "weighted_f1": 95.84079423653087,
  "worst_class_recall": 91.42857142857143,
  "worst_class_accuracy": 91.42857142857143,
  "per_class": {
    "drink": {
      "precision": 84.19540229885058,
      "recall": 92.72151898734177,
      "f1": 88.25301204819277,
      "support": 316
    },
    "food": {
      "precision": 98.86578449905483,
      "recall": 97.30232558139534,
      "f1": 98.07782466010313,
      "support": 2150
    },
    "inside": {
      "precision": 94.750656167979,
      "recall": 95.25065963060686,
      "f1": 95.0,
      "support": 1137
    },
    "menu": {
      "precision": 94.11764705882352,
      "recall": 91.42857142857143,
      "f1": 92.75362318840578,
      "support": 35
    },
    "outside": {
      "precision": 92.5207756232687,
      "recall": 91.75824175824175,
      "f1": 92.13793103448276,
      "support": 364
    }
  },
  "confusion_matrix_labels": [
    "drink",
    "food",
    "inside",
    "menu",
    "outside"
  ],
  "confusion_matrix": [
    [
      293,
      9,
      12,
      0,
      2
    ],
    [
      34,
      2092,
      22,
      0,
      2
    ],
    [
      17,
      14,
      1083,
      1,
      22
    ],
    [
      1,
      1,
      0,
      32,
      1
    ],
    [
      3,
      0,
      26,
      1,
      334
    ]
  ],
  "num_samples": 4002,
  "num_parse_failures": 0
}