{
  "accuracy": 87.35632183908046,
  "macro_f1": 80.5309243107286,
  "weighted_f1": 87.73867604677123,
  "worst_class_recall": 66.84256816182938,
  "worst_class_accuracy": 66.84256816182938,
  "per_class": {
    "drink": {
      "precision": 50.16891891891891,
      "recall": 93.9873417721519,
      "f1": 65.41850220264317,
      "support": 316
    },
    "food": {
      "precision": 95.40863177226814,
      "recall": 96.65116279069767,
      "f1": 96.02587800369686,
      "support": 2150
    },
    "inside": {
      "precision": 96.20253164556962,
      "recall": 66.84256816182938,
      "f1": 78.87908666320705,
      "support": 1137
    },
    "menu": {
      "precision": 64.0,
      "recall": 91.42857142857143,
      "f1": 75.29411764705884,
      "support": 35
    },
    "outside": {
      "precision": 83.92857142857143,
      "recall": 90.38461538461539,
      "f1": 87.03703703703704,
      "support": 364
    }
  },
  "confusion_matrix_labels": [
    "drink",
    "food",
    "inside",
    "menu",
    "outside"
  ],
  "confusion_matrix": [
    [
      297,
      16,
      1,
      0,
      2
    ],
    [
      45,
      2078,
      8,
      4,
      15
    ],
    [
      239,
      81,
      760,
      12,
      45
    ],
    [
      1,
      1,
      0,
      32,
      1
    ],
    [
      10,
      2,
      21,
      2,
      329
    ]
  ],
  "num_samples": 4002,
  "num_parse_failures": 0
}