{
  "accuracy": 95.97701149425288,
  "macro_f1": 93.22364936401169,
  "weighted_f1": 96.00956315052322,
  "worst_class_recall": 91.42857142857143,
  "worst_class_accuracy": 91.42857142857143,
  "per_class": {
    "drink": {
      "precision": 85.5072463768116,
      "recall": 93.35443037974683,
      "f1": 89.2586989409985,
      "support": 316
    },
    "food": {
      "precision": 99.00756143667296,
      "recall": 97.44186046511628,
      "f1": 98.21847163619316,
      "support": 2150
    },
    "inside": {
      "precision": 94.6817785527463,
      "recall": 95.51451187335093,
      "f1": 95.09632224168126,
      "support": 1137
    },
    "menu": {
      "precision": 91.42857142857143,
      "recall": 91.42857142857143,
      "f1": 91.42857142857143,
      "support": 35
    },
    "outside": {
      "precision": 92.75766016713092,
      "recall": 91.48351648351648,
      "f1": 92.11618257261411,
      "support": 364
    }
  },
  "confusion_matrix_labels": [
    "drink",
    "food",
    "inside",
    "menu",
    "outside"
  ],
  "confusion_matrix": [
    [
      295,
      8,
      12,
      0,
      1
    ],
    [
      31,
      2095,
      22,
      0,
      2
    ],
    [
      15,
      12,
      1086,
      2,
      22
    ],
    [
      1,
      1,
      0,
      32,
      1
    ],
    [
      3,
      0,
      27,
      1,
      333
    ]
  ],
  "num_samples": 4002,
  "num_parse_failures": 0
}