{
  "accuracy": 96.22688655672164,
  "macro_f1": 93.93524567304519,
  "weighted_f1": 96.24799648466286,
  "worst_class_recall": 92.03296703296702,
  "worst_class_accuracy": 92.03296703296702,
  "per_class": {
    "drink": {
      "precision": 87.05882352941177,
      "recall": 93.67088607594937,
      "f1": 90.24390243902438,
      "support": 316
    },
    "food": {
      "precision": 98.73179896665101,
      "recall": 97.76744186046513,
      "f1": 98.24725403131572,
      "support": 2150
    },
    "inside": {
      "precision": 95.17543859649122,
      "recall": 95.42656112576957,
      "f1": 95.30083443126921,
      "support": 1137
    },
    "menu": {
      "precision": 91.66666666666666,
      "recall": 94.28571428571428,
      "f1": 92.95774647887323,
      "support": 35
    },
    "outside": {
      "precision": 93.8375350140056,
      "recall": 92.03296703296702,
      "f1": 92.92649098474341,
      "support": 364
    }
  },
  "confusion_matrix_labels": [
    "drink",
    "food",
    "inside",
    "menu",
    "outside"
  ],
  "confusion_matrix": [
    [
      296,
      8,
      11,
      0,
      1
    ],
    [
      28,
      2102,
      19,
      0,
      1
    ],
    [
      13,
      16,
      1085,
      3,
      20
    ],
    [
      0,
      2,
      0,
      33,
      0
    ],
    [
      3,
      1,
      25,
      0,
      335
    ]
  ],
  "num_samples": 4002,
  "num_parse_failures": 0
}