{
  "accuracy": 95.87706146926537,
  "macro_f1": 93.60886058342915,
  "weighted_f1": 95.91504706249219,
  "worst_class_recall": 91.75824175824175,
  "worst_class_accuracy": 91.75824175824175,
  "per_class": {
    "drink": {
      "precision": 84.43804034582134,
      "recall": 92.72151898734177,
      "f1": 88.38612368024134,
      "support": 316
    },
    "food": {
      "precision": 98.91252955082741,
      "recall": 97.30232558139534,
      "f1": 98.10082063305978,
      "support": 2150
    },
    "inside": {
      "precision": 94.84265734265735,
      "recall": 95.42656112576957,
      "f1": 95.13371328364752,
      "support": 1137
    },
    "menu": {
      "precision": 94.28571428571428,
      "recall": 94.28571428571428,
      "f1": 94.28571428571428,
      "support": 35
    },
    "outside": {
      "precision": 92.5207756232687,
      "recall": 91.75824175824175,
      "f1": 92.13793103448276,
      "support": 364
    }
  },
  "confusion_matrix_labels": [
    "drink",
    "food",
    "inside",
    "menu",
    "outside"
  ],
  "confusion_matrix": [
    [
      293,
      9,
      11,
      0,
      3
    ],
    [
      34,
      2092,
      22,
      0,
      2
    ],
    [
      16,
      14,
      1085,
      1,
      21
    ],
    [
      1,
      0,
      0,
      33,
      1
    ],
    [
      3,
      0,
      26,
      1,
      334
    ]
  ],
  "num_samples": 4002,
  "num_parse_failures": 0
}