{
  "accuracy": 95.12743628185908,
  "macro_f1": 92.02971990633483,
  "weighted_f1": 95.17930817644549,
  "worst_class_recall": 91.45569620253164,
  "worst_class_accuracy": 91.45569620253164,
  "per_class": {
    "drink": {
      "precision": 83.76811594202898,
      "recall": 91.45569620253164,
      "f1": 87.44326777609682,
      "support": 316
    },
    "food": {
      "precision": 98.94988066825776,
      "recall": 96.41860465116278,
      "f1": 97.6678445229682,
      "support": 2150
    },
    "inside": {
      "precision": 92.92493528904228,
      "recall": 94.72295514511873,
      "f1": 93.81533101045297,
      "support": 1137
    },
    "menu": {
      "precision": 84.61538461538461,
      "recall": 94.28571428571428,
      "f1": 89.1891891891892,
      "support": 35
    },
    "outside": {
      "precision": 92.03296703296702,
      "recall": 92.03296703296702,
      "f1": 92.03296703296702,
      "support": 364
    }
  },
  "confusion_matrix_labels": [
    "drink",
    "food",
    "inside",
    "menu",
    "outside"
  ],
  "confusion_matrix": [
    [
      289,
      5,
      19,
      0,
      3
    ],
    [
      36,
      2073,
      37,
      2,
      2
    ],
    [
      17,
      16,
      1077,
      3,
      24
    ],
    [
      1,
      1,
      0,
      33,
      0
    ],
    [
      2,
      0,
      26,
      1,
      335
    ]
  ],
  "num_samples": 4002,
  "num_parse_failures": 0
}