{
  "accuracy": 96.0519740129935,
  "macro_f1": 92.77127968194948,
  "weighted_f1": 96.05512823228695,
  "worst_class_recall": 85.71428571428571,
  "worst_class_accuracy": 85.71428571428571,
  "per_class": {
    "drink": {
      "precision": 89.75155279503106,
      "recall": 91.45569620253164,
      "f1": 90.59561128526646,
      "support": 316
    },
    "food": {
      "precision": 98.50257370145063,
      "recall": 97.90697674418605,
      "f1": 98.20387217168182,
      "support": 2150
    },
    "inside": {
      "precision": 94.45407279029463,
      "recall": 95.86631486367634,
      "f1": 95.15495416848538,
      "support": 1137
    },
    "menu": {
      "precision": 90.9090909090909,
      "recall": 85.71428571428571,
      "f1": 88.23529411764706,
      "support": 35
    },
    "outside": {
      "precision": 92.69662921348315,
      "recall": 90.65934065934066,
      "f1": 91.66666666666666,
      "support": 364
    }
  },
  "confusion_matrix_labels": [
    "drink",
    "food",
    "inside",
    "menu",
    "outside"
  ],
  "confusion_matrix": [
    [
      289,
      11,
      13,
      1,
      2
    ],
    [
      24,
      2105,
      20,
      0,
      1
    ],
    [
      7,
      17,
      1090,
      1,
      22
    ],
    [
      0,
      2,
      2,
      30,
      1
    ],
    [
      2,
      2,
      29,
      1,
      330
    ]
  ],
  "num_samples": 4002,
  "num_parse_failures": 0
}