{
  "accuracy": 96.151924037981,
  "macro_f1": 93.49450952078271,
  "weighted_f1": 96.18404179334084,
  "worst_class_recall": 92.85714285714286,
  "worst_class_accuracy": 92.85714285714286,
  "per_class": {
    "drink": {
      "precision": 86.51026392961877,
      "recall": 93.35443037974683,
      "f1": 89.8021308980213,
      "support": 316
    },
    "food": {
      "precision": 99.05482041587902,
      "recall": 97.48837209302326,
      "f1": 98.26535396155649,
      "support": 2150
    },
    "inside": {
      "precision": 95.26315789473684,
      "recall": 95.51451187335093,
      "f1": 95.38866930171278,
      "support": 1137
    },
    "menu": {
      "precision": 89.1891891891892,
      "recall": 94.28571428571428,
      "f1": 91.66666666666667,
      "support": 35
    },
    "outside": {
      "precision": 91.84782608695652,
      "recall": 92.85714285714286,
      "f1": 92.34972677595628,
      "support": 364
    }
  },
  "confusion_matrix_labels": [
    "drink",
    "food",
    "inside",
    "menu",
    "outside"
  ],
  "confusion_matrix": [
    [
      295,
      5,
      12,
      1,
      3
    ],
    [
      31,
      2096,
      20,
      0,
      3
    ],
    [
      12,
      13,
      1086,
      2,
      24
    ],
    [
      0,
      2,
      0,
      33,
      0
    ],
    [
      3,
      0,
      22,
      1,
      338
    ]
  ],
  "num_samples": 4002,
  "num_parse_failures": 0
}