{
  "accuracy": 85.08245877061469,
  "macro_f1": 77.2313767649026,
  "weighted_f1": 85.27545835026508,
  "worst_class_recall": 64.73175021987687,
  "worst_class_accuracy": 64.73175021987687,
  "per_class": {
    "drink": {
      "precision": 53.47091932457786,
      "recall": 90.18987341772153,
      "f1": 67.13780918727915,
      "support": 316
    },
    "food": {
      "precision": 92.64168190127971,
      "recall": 94.27906976744185,
      "f1": 93.453204241586,
      "support": 2150
    },
    "inside": {
      "precision": 95.58441558441558,
      "recall": 64.73175021987687,
      "f1": 77.18930256948086,
      "support": 1137
    },
    "menu": {
      "precision": 55.172413793103445,
      "recall": 91.42857142857143,
      "f1": 68.81720430107526,
      "support": 35
    },
    "outside": {
      "precision": 71.7439293598234,
      "recall": 89.28571428571429,
      "f1": 79.55936352509181,
      "support": 364
    }
  },
  "confusion_matrix_labels": [
    "drink",
    "food",
    "inside",
    "menu",
    "outside"
  ],
  "confusion_matrix": [
    [
      285,
      17,
      5,
      0,
      9
    ],
    [
      37,
      2027,
      9,
      5,
      72
    ],
    [
      199,
      136,
      736,
      20,
      46
    ],
    [
      1,
      1,
      0,
      32,
      1
    ],
    [
      11,
      7,
      20,
      1,
      325
    ]
  ],
  "num_samples": 4002,
  "num_parse_failures": 0
}