{
  "accuracy": 88.055972013993,
  "macro_f1": 81.75662104803891,
  "weighted_f1": 88.31479233319745,
  "worst_class_recall": 68.42568161829375,
  "worst_class_accuracy": 68.42568161829375,
  "per_class": {
    "drink": {
      "precision": 52.95169946332737,
      "recall": 93.67088607594937,
      "f1": 67.65714285714286,
      "support": 316
    },
    "food": {
      "precision": 94.77747502270662,
      "recall": 97.06976744186046,
      "f1": 95.90992647058823,
      "support": 2150
    },
    "inside": {
      "precision": 96.28712871287128,
      "recall": 68.42568161829375,
      "f1": 80.0,
      "support": 1137
    },
    "menu": {
      "precision": 64.70588235294117,
      "recall": 94.28571428571428,
      "f1": 76.74418604651163,
      "support": 35
    },
    "outside": {
      "precision": 86.38743455497382,
      "recall": 90.65934065934066,
      "f1": 88.47184986595175,
      "support": 364
    }
  },
  "confusion_matrix_labels": [
    "drink",
    "food",
    "inside",
    "menu",
    "outside"
  ],
  "confusion_matrix": [
    [
      296,
      16,
      2,
      0,
      2
    ],
    [
      44,
      2087,
      7,
      3,
      9
    ],
    [
      210,
      95,
      778,
      13,
      41
    ],
    [
      1,
      1,
      0,
      33,
      0
    ],
    [
      8,
      3,
      21,
      2,
      330
    ]
  ],
  "num_samples": 4002,
  "num_parse_failures": 0
}